timestamp,state,latitude,longitude,rel_north,rel_east,heading,desired_heading,speed,path_progress_m,target_progress_m,segment_index,distance_to_start,lookahead_east,lookahead_north,cross_track_error,alpha_deg,bearing,heading_vs_cog_error,calculated_turn_radius,desired_speed,desired_turn_radius,turn_direction,desired_left_actuator_position,desired_right_actuator_position,actual_left_actuator_position,actual_right_actuator_position,actuator_est_radius,gps_achieved_radius,dwell_remaining_s,desired_left_wheel_speed,desired_right_wheel_speed,calculated_left_wheel_speed,calculated_right_wheel_speed,t_monotonic_ms,guidance_mode,geometry_class,geometry_reason,signed_cross_track,heading_err_to_tangent,ref_tangent_deg,ref_tangent_confidence,raw_curvature,cmd_curvature,curvature_saturated,curvature_slew_limited,capture_active,intersect_s,intersect_w,speed_limited
2026-08-23 14:27:20,FOLLOW_TRACK,37.9008413333,-97.6642051667,-3.329837742704395,-2.2134262336279837,57.23874,3.7,0.0030866640000000002,0.00,2.71,0,3.998,0.19,2.71,3.998,-35.6,21.7,,5.58,1.070,15500.01,LEFT,515,515,1095,1094,,inf,0.0,1.070,1.070,1.003,1.137,433,tangent_pose,TANGENT_ARC,"capture: TANGENT_ARC (e=-1.81m, dh=-51.8deg)",-1.812,-51.8,5.5,1.00,-0.0884,-0.0001,0,1,1,2.31,-4.81,0
2026-08-23 14:27:20,FOLLOW_TRACK,37.9008413333,-97.6642051667,-3.329837742704395,-2.2134262336279837,57.17974,3.7,0.009259992,0.00,2.71,0,3.998,0.19,2.71,3.998,-35.5,21.7,,5.59,1.070,11.42,LEFT,541,490,1082,1081,,inf,0.0,1.037,1.103,1.003,1.137,616,tangent_pose,TANGENT_ARC,"capture: TANGENT_ARC (e=-1.81m, dh=-51.7deg)",-1.812,-51.7,5.5,1.00,-0.0876,-0.0876,0,0,1,2.31,-4.81,0
2026-08-23 14:27:20,FOLLOW_TRACK,37.9008413333,-97.6642051667,-3.329837742704395,-2.2134262336279837,57.34069,3.7,0.0061733280000000005,0.00,2.71,0,3.998,0.19,2.71,3.998,-35.7,21.7,,5.57,1.070,11.13,LEFT,541,489,991,986,48.99,inf,0.0,1.036,1.104,1.003,1.137,819,tangent_pose,TANGENT_ARC,"capture: TANGENT_ARC (e=-1.81m, dh=-51.9deg)",-1.812,-51.9,5.5,1.00,-0.0898,-0.0898,0,0,1,2.30,-4.81,0
2026-08-23 14:27:20,FOLLOW_TRACK,37.9008413333,-97.6642051667,-3.329837742704395,-2.2134262336279837,57.41544,3.7,0.00771666,0.00,2.71,0,3.998,0.19,2.71,3.998,-35.7,21.7,,5.56,1.070,11.01,LEFT,542,489,896,884,26.16,inf,0.0,1.036,1.104,1.003,1.137,1016,tangent_pose,TANGENT_ARC,"capture: TANGENT_ARC (e=-1.81m, dh=-51.9deg)",-1.812,-51.9,5.5,1.00,-0.0909,-0.0909,0,0,1,2.30,-4.82,0
2026-08-23 14:27:20,FOLLOW_TRACK,37.9008411667,-97.664205,-3.348329447497069,-2.1987648736351906,56.42394,3.7,0.12140878399999999,0.00,2.71,0,4.006,0.19,2.71,4.006,-34.9,21.5,,5.68,1.070,12.09,LEFT,539,492,806,785,18.10,1.37,0.0,1.039,1.101,1.004,1.136,1209,tangent_pose,TANGENT_ARC,"capture: TANGENT_ARC (e=-1.80m, dh=-50.9deg)",-1.796,-50.9,5.5,1.00,-0.0827,-0.0827,0,0,1,2.31,-4.80,0
2026-08-23 14:27:21,FOLLOW_TRACK,37.9008415,-97.6642043333,-3.311334962916865,-2.140128203735748,51.79669,3.7,0.28603086400000005,0.00,2.71,0,3.943,0.19,2.71,3.943,-30.7,21.1,,6.33,1.070,inf,STRAIGHT,515,515,701,678,19.75,0.77,0.0,1.070,1.070,1.070,1.070,1426,tangent_pose,TANGENT_ARC,"capture: TANGENT_ARC (e=-1.74m, dh=-46.3deg)",-1.741,-46.3,5.5,1.00,-0.0373,0.0000,0,0,1,2.41,-4.55,0
2026-08-23 14:27:21,FOLLOW_TRACK,37.9008421667,-97.6642033333,-3.2373348842270935,-2.052177589087908,48.07571,3.7,0.616303912,0.00,2.71,0,3.833,0.19,2.71,3.833,-27.4,20.6,-0.2,6.89,1.070,inf,STRAIGHT,515,515,615,588,19.11,1.79,0.0,1.070,1.070,1.070,1.070,1613,tangent_pose,TANGENT_ARC,"capture: TANGENT_ARC (e=-1.66m, dh=-42.6deg)",-1.660,-42.6,5.5,1.00,-0.0135,0.0000,0,0,1,2.45,-4.32,0
2026-08-23 14:27:23,FOLLOW_TRACK,37.9008536667,-97.6641905,-1.9608971753821616,-0.9234810916998099,28.4414,3.7,0.767036004,0.00,2.71,0,2.167,0.19,2.71,2.167,-15.1,13.4,12.5,9.23,1.070,11.12,LEFT,541,489,1049,1050,-202.27,4.06,0.0,1.036,1.104,1.029,1.111,3425,tangent_pose,TANGENT_ARC,"capture: TANGENT_ARC (e=-0.66m, dh=-23.0deg)",-0.659,-23.0,5.5,1.00,-0.0899,-0.0899,0,0,1,1.69,-3.20,0
2026-08-23 14:27:23,FOLLOW_TRACK,37.9008541667,-97.6641903333,-1.9053998760335835,-0.908819723036978,26.40938,3.7,0.31123862,0.00,2.71,0,2.111,0.19,2.71,2.111,-13.0,13.4,,10.50,1.070,15.44,LEFT,534,497,1066,1069,,1.72,0.0,1.046,1.094,1.034,1.106,3625,tangent_pose,TANGENT_ARC,"capture: TANGENT_ARC (e=-0.65m, dh=-20.9deg)",-0.650,-20.9,5.5,1.00,-0.0648,-0.0648,0,0,1,1.82,-3.00,0
2026-08-23 14:27:23,FOLLOW_TRACK,37.9008543333,-97.6641901667,-1.886908176880435,-0.8941671534893153,25.7651,3.7,0.037554411999999995,0.00,2.71,0,2.088,0.19,2.71,2.088,-12.5,13.2,,10.88,1.070,16.59,LEFT,533,498,976,972,63.78,inf,0.0,1.047,1.093,1.036,1.104,3818,tangent_pose,TANGENT_ARC,"capture: TANGENT_ARC (e=-0.64m, dh=-20.3deg)",-0.637,-20.3,5.5,1.00,-0.0603,-0.0603,0,0,1,1.84,-2.95,0
2026-08-23 14:27:23,FOLLOW_TRACK,37.9008543333,-97.6641901667,-1.886908176880435,-0.8941671534893153,25.55226,3.7,0.034467748,0.00,2.71,0,2.088,0.19,2.71,2.088,-12.3,13.2,,11.06,1.070,17.45,LEFT,532,499,879,867,27.15,inf,0.0,1.049,1.091,1.036,1.104,4015,tangent_pose,TANGENT_ARC,"capture: TANGENT_ARC (e=-0.64m, dh=-20.1deg)",-0.637,-20.1,5.5,1.00,-0.0573,-0.0573,0,0,1,1.86,-2.93,0
2026-08-23 14:27:23,FOLLOW_TRACK,37.9008545,-97.66419,-1.8684053786165038,-0.8795057915222816,25.07588,3.7,0.15073209199999998,0.00,2.71,0,2.065,0.19,2.71,2.065,-12.0,13.1,,11.34,1.070,18.14,LEFT,531,499,784,765,20.78,3.68,0.0,1.049,1.091,1.037,1.103,4219,tangent_pose,TANGENT_ARC,"capture: TANGENT_ARC (e=-0.62m, dh=-19.6deg)",-0.624,-19.6,5.5,1.00,-0.0551,-0.0551,0,0,1,1.86,-2.90,0
2026-08-23 14:27:25,FOLLOW_TRACK,37.9008633333,-97.6641868333,-0.8879567905316039,-0.6009926188939214,4.8002,3.7,1.142580124,0.00,2.71,0,1.072,0.19,2.71,1.072,7.6,12.4,7.1,13.97,1.070,6.11,RIGHT,468,563,794,757,10.65,3.93,0.0,1.131,1.009,1.097,1.043,5437,tangent_pose,INTERSECT_BEHIND_CURRENT,"capture: INTERSECT_BEHIND_CURRENT (e=-0.44m, dh=0.7deg)",-0.440,0.7,5.5,1.00,0.1637,0.1637,0,0,1,-36.81,-40.46,0
2026-08-23 14:27:25,FOLLOW_TRACK,37.9008646667,-97.6641868333,-0.7399565901266972,-0.60099260805506,1.89135,3.7,0.763434896,0.00,2.71,0,0.953,0.19,2.71,0.953,11.0,12.9,1.3,9.27,1.070,4.78,RIGHT,455,576,883,845,8.74,2.77,0.0,1.148,0.992,1.110,1.030,5622,tangent_pose,INTERSECT_BEHIND_CURRENT,"capture: INTERSECT_BEHIND_CURRENT (e=-0.45m, dh=3.6deg)",-0.455,3.6,5.5,1.00,0.2093,0.2093,0,0,1,-7.25,-10.74,0
2026-08-23 14:27:25,FOLLOW_TRACK,37.9008661667,-97.6641865,-0.5734646893440866,-0.5716786729770109,359.62384,3.7,0.719192712,0.00,2.71,0,0.810,0.19,2.71,0.810,13.4,13.0,13.1,7.26,1.070,4.23,RIGHT,447,583,875,852,14.46,3.51,0.0,1.159,0.982,1.122,1.018,5817,tangent_pose,INTERSECT_BEHIND_CURRENT,"capture: INTERSECT_BEHIND_CURRENT (e=-0.44m, dh=5.9deg)",-0.441,5.9,5.5,1.00,0.2363,0.2363,0,0,1,-4.32,-7.63,0
2026-08-23 14:27:25,FOLLOW_TRACK,37.900867,-97.6641865,-0.4809728890016394,-0.5716786664911241,357.48812,3.7,0.63276612,0.00,2.71,0,0.747,0.19,2.71,0.747,15.9,13.4,3.7,5.98,1.070,3.71,RIGHT,438,593,776,748,14.41,3.48,0.0,1.171,0.969,1.133,1.007,6018,tangent_pose,INTERSECT_BEHIND_CURRENT,"capture: INTERSECT_BEHIND_CURRENT (e=-0.45m, dh=8.0deg)",-0.450,8.0,5.5,1.00,0.2692,0.2692,0,0,1,-3.24,-6.45,0
2026-08-23 14:27:25,FOLLOW_TRACK,37.9008678333,-97.664187,-0.3884810836921381,-0.615653941991535,355.85172,3.7,0.510842892,0.00,2.71,0,0.728,0.19,2.71,0.728,18.7,14.5,0.4,4.99,1.070,3.22,RIGHT,426,605,683,649,13.84,3.53,0.0,1.186,0.954,1.145,0.995,6217,tangent_pose,INTERSECT_BEHIND_CURRENT,"capture: INTERSECT_BEHIND_CURRENT (e=-0.50m, dh=9.6deg)",-0.503,9.6,5.5,1.00,0.3105,0.3105,0,0,1,-3.00,-6.12,0
2026-08-23 14:27:26,FOLLOW_TRACK,37.9008688333,-97.6641868333,-0.2774864823583705,-0.6009925741861472,352.41852,3.7,0.5483973040000001,0.00,2.71,0,0.662,0.19,2.71,0.662,22.4,14.8,13.4,4.05,1.070,2.80,RIGHT,420,618,581,612,-16.75,2.01,0.0,1.204,0.936,1.162,0.978,6437,tangent_pose,INTERSECT_BEHIND_CURRENT,"capture: INTERSECT_BEHIND_CURRENT (e=-0.50m, dh=13.1deg)",-0.499,13.1,5.5,1.00,0.3570,0.3570,0,0,1,-2.21,-5.19,0
2026-08-23 14:27:26,FOLLOW_TRACK,37.9008703333,-97.6641871667,-0.11099457810641015,-0.6303152803291601,348.90252,3.7,0.864780364,0.00,2.71,0,0.640,0.19,2.71,0.640,27.3,16.2,4.0,3.20,1.070,2.37,RIGHT,420,637,501,617,-4.70,2.58,0.0,1.228,0.912,1.187,0.953,6618,tangent_pose,INTERSECT_BEHIND_CURRENT,"capture: INTERSECT_BEHIND_CURRENT (e=-0.54m, dh=16.6deg)",-0.544,16.6,5.5,1.00,0.4219,0.4219,0,0,1,-1.91,-4.71,0
2026-08-23 14:27:26,FOLLOW_TRACK,37.900872,-97.6641873333,0.07400012492244862,-0.6449678290073847,345.63936,3.7,0.9578947280000001,0.03,2.74,0,0.649,0.19,2.74,0.648,31.7,17.4,9.4,2.65,1.070,2.09,RIGHT,420,653,440,622,-3.11,3.38,0.0,1.249,0.891,1.211,0.929,6818,tangent_pose,INTERSECT_BEHIND_CURRENT,"capture: INTERSECT_BEHIND_CURRENT (e=-0.57m, dh=19.9deg)",-0.573,19.9,5.5,1.00,0.4783,0.4783,0,0,1,-1.68,-4.31,0
2026-08-23 14:27:26,FOLLOW_TRACK,37.9008738333,-97.664188,0.2774865332221965,-0.7036044484360057,347.36376,3.7,0.96972694,0.23,2.94,0,0.756,0.20,2.94,0.720,31.4,18.8,-7.0,2.69,1.070,2.09,RIGHT,420,653,432,639,-2.72,6.40,0.0,1.249,0.891,1.209,0.931,7018,tangent_pose,INTERSECT_BEHIND_CURRENT,"capture: INTERSECT_BEHIND_CURRENT (e=-0.63m, dh=18.5deg)",-0.630,18.5,5.8,1.00,0.4784,0.4784,0,0,1,-1.99,-4.62,0
2026-08-23 14:27:26,FOLLOW_TRACK,37.900876,-97.6641885,0.5179785408190792,-0.7475797035997693,348.41836,7.8,1.186307864,0.47,3.18,0,0.909,0.23,3.17,0.780,31.8,20.2,0.5,2.68,0.960,2.05,RIGHT,474,726,429,647,-2.57,12.85,0.0,1.124,0.796,1.085,0.835,7218,tangent_pose,INTERSECT_BEHIND_CURRENT,"capture: INTERSECT_BEHIND_CURRENT (e=-0.68m, dh=17.8deg)",-0.684,17.8,6.2,1.00,0.4878,0.4878,0,0,1,-2.24,-4.88,0
2026-08-23 14:27:27,FOLLOW_TRACK,37.9008775,-97.6641893333,0.6844704502952589,-0.8208688840721935,352.08864,7.8,0.917253652,0.63,3.34,0,1.069,0.25,3.33,0.864,30.0,22.0,-14.6,2.86,0.960,2.13,RIGHT,479,721,439,665,-2.44,2.92,0.0,1.117,0.802,1.077,0.842,7421,tangent_pose,INTERSECT_BEHIND_CURRENT,"capture: INTERSECT_BEHIND_CURRENT (e=-0.77m, dh=14.4deg)",-0.768,14.4,6.4,1.00,0.4692,0.4692,0,0,1,-3.10,-5.75,0
2026-08-23 14:27:27,FOLLOW_TRACK,37.9008796667,-97.6641898333,0.9249624586384058,-0.8648441346292154,352.44392,7.8,1.189394528,0.86,3.87,1,1.266,0.32,3.85,0.926,29.6,22.1,-1.2,3.19,0.960,2.03,RIGHT,473,727,463,711,-2.12,37.02,0.0,1.125,0.794,1.065,0.855,7614,tangent_pose,INTERSECT_BEHIND_CURRENT,"capture: INTERSECT_BEHIND_CURRENT (e=-0.84m, dh=14.1deg)",-0.843,14.1,6.6,1.00,0.4926,0.4926,0,0,1,-3.45,-6.39,0
2026-08-23 14:27:27,FOLLOW_TRACK,37.9008816667,-97.6641903333,1.1469516670109474,-0.9088193847586526,354.348,7.8,1.176533428,1.08,4.08,1,1.463,0.35,4.07,0.986,29.0,23.3,-2.2,3.28,0.960,2.03,RIGHT,473,727,471,719,-2.10,7.34,0.0,1.125,0.795,1.062,0.857,7821,tangent_pose,INTERSECT_BEHIND_CURRENT,"capture: INTERSECT_BEHIND_CURRENT (e=-0.92m, dh=12.2deg)",-0.918,12.2,6.6,1.00,0.4919,0.4919,0,0,1,-4.33,-7.28,0
2026-08-23 14:27:27,FOLLOW_TRACK,37.9008838333,-97.6641905,1.3874325722726453,-0.9234807147400316,357.20816,8.8,1.272220012,1.32,4.32,1,1.667,0.39,4.30,1.018,27.0,24.2,-3.2,3.52,0.828,2.13,RIGHT,597,806,471,720,-2.09,5.02,0.0,0.964,0.692,0.911,0.746,8020,tangent_pose,INTERSECT_BEHIND_CURRENT,"capture: INTERSECT_BEHIND_CURRENT (e=-0.97m, dh=9.3deg)",-0.970,9.3,6.6,1.00,0.4700,0.4700,0,0,1,-5.97,-8.94,0
2026-08-23 14:27:27,FOLLOW_TRACK,37.900886,-97.6641911667,1.6279245839496128,-0.9821173124168456,355.30448,8.8,1.09833794,1.55,4.56,1,1.901,0.42,4.54,1.095,30.5,25.8,-1.6,3.18,0.828,1.88,RIGHT,583,820,488,738,-2.03,6.45,0.0,0.982,0.674,0.919,0.737,8214,tangent_pose,INTERSECT_BEHIND_CURRENT,"capture: INTERSECT_BEHIND_CURRENT (e=-1.09m, dh=10.8deg)",-1.088,10.8,6.1,1.00,0.5319,0.5319,0,0,1,-5.80,-8.74,0
2026-08-23 14:27:28,FOLLOW_TRACK,37.900888,-97.6641913333,1.8499137892652666,-0.9967698454684122,356.13096,8.8,1.156984556,1.77,4.78,1,2.101,0.46,4.75,1.126,30.5,26.6,-3.0,3.20,0.828,1.85,RIGHT,581,822,561,798,-1.95,17.88,0.0,0.985,0.671,0.919,0.738,8434,tangent_pose,INTERSECT_BEHIND_CURRENT,"capture: INTERSECT_BEHIND_CURRENT (e=-1.19m, dh=9.1deg)",-1.186,9.1,5.2,1.00,0.5415,0.5415,0,0,1,-7.53,-10.45,0
2026-08-23 14:27:28,FOLLOW_TRACK,37.90089,-97.6641915,2.071902994670423,-1.0114311736887116,359.94664,3.4,1.082390176,2.00,5.01,2,2.306,0.49,4.98,1.155,27.3,27.2,-0.8,3.57,0.836,1.97,RIGHT,581,810,574,815,-1.87,3.04,0.0,0.984,0.687,0.918,0.754,8624,tangent_pose,INTERSECT_BEHIND_CURRENT,"capture: INTERSECT_BEHIND_CURRENT (e=-1.28m, dh=4.3deg)",-1.281,4.3,4.2,1.00,0.5079,0.5079,0,0,1,-17.18,-20.15,0
2026-08-23 14:27:28,FOLLOW_TRACK,37.900892,-97.6641916667,2.293892200871117,-1.0260925011632076,1.604,3.4,1.130747912,2.22,5.23,2,2.513,0.50,5.20,1.184,26.1,27.7,-5.0,3.74,0.836,2.01,RIGHT,584,808,573,810,-1.91,7.72,0.0,0.981,0.690,0.914,0.757,8822,tangent_pose,INTERSECT_BEHIND_CURRENT,"capture: INTERSECT_BEHIND_CURRENT (e=-1.36m, dh=1.7deg)",-1.357,1.7,3.3,1.00,0.4986,0.4986,0,0,1,-45.99,-48.96,0
2026-08-23 14:27:28,FOLLOW_TRACK,37.9008936667,-97.6641913333,2.4788869003473453,-0.9967697690596418,4.01931,3.4,0.847289268,2.41,5.42,2,2.672,0.51,5.39,1.167,23.4,27.4,6.5,4.13,0.836,2.17,RIGHT,592,800,574,809,-1.93,4.07,0.0,0.971,0.701,0.906,0.765,9023,tangent_pose,INTERSECT_AHEAD_OF_TARGET,"capture: INTERSECT_AHEAD_OF_TARGET (e=-1.38m, dh=-1.5deg)",-1.380,-1.5,2.5,1.00,0.4618,0.4618,0,0,1,52.41,49.42,0
2026-08-23 14:27:28,FOLLOW_TRACK,37.9008948333,-97.6641911667,2.6083732021433343,-0.982117195013142,6.42648,3.4,0.637396116,2.54,5.55,2,2.787,0.52,5.52,1.160,20.9,27.3,8.7,4.60,0.836,2.34,RIGHT,599,792,578,807,-1.97,3.00,0.0,0.961,0.710,0.899,0.772,9221,tangent_pose,INTERSECT_AHEAD_OF_TARGET,"capture: INTERSECT_AHEAD_OF_TARGET (e=-1.40m, dh=-4.5deg)",-1.401,-4.5,2.0,1.00,0.4280,0.4280,0,0,1,18.00,14.99,0
2026-08-23 14:27:29,FOLLOW_TRACK,37.9008965,-97.6641911667,2.793367905104073,-0.9821171728595517,8.06077,3.4,0.877641464,2.73,5.73,2,2.961,0.53,5.70,1.172,19.4,27.5,-8.7,4.94,0.836,2.43,RIGHT,603,788,587,800,-2.12,6.49,0.0,0.956,0.715,0.895,0.776,9433,tangent_pose,INTERSECT_AHEAD_OF_TARGET,"capture: INTERSECT_AHEAD_OF_TARGET (e=-1.45m, dh=-6.9deg)",-1.452,-6.9,1.2,1.00,0.4122,0.4122,0,0,1,12.14,9.11,0
2026-08-23 14:27:29,FOLLOW_TRACK,37.9008983333,-97.664191,2.9968543065180753,-0.9674557958753991,9.00445,355.2,1.0139691240000002,2.93,5.94,2,3.149,0.54,5.91,1.170,18.4,27.4,-6.8,5.19,1.098,2.49,RIGHT,420,612,590,794,-2.22,11.87,0.0,1.252,0.944,1.172,1.024,9625,tangent_pose,INTERSECT_AHEAD_OF_TARGET,"capture: INTERSECT_AHEAD_OF_TARGET (e=-1.49m, dh=-8.6deg)",-1.488,-8.6,0.4,1.00,0.4009,0.4009,0,0,1,9.96,6.93,0
2026-08-23 14:27:29,FOLLOW_TRACK,37.9009,-97.664191,3.181849010438817,-0.9674557741562545,10.33588,355.2,0.918796984,3.03,5.93,3,3.326,0.54,5.90,1.187,18.7,29.0,-7.2,4.86,1.098,2.61,RIGHT,420,607,572,768,-2.39,8.18,0.0,1.245,0.951,1.177,1.019,9834,tangent_pose,INTERSECT_AHEAD_OF_TARGET,"capture: INTERSECT_AHEAD_OF_TARGET (e=-1.49m, dh=-9.9deg)",-1.489,-9.9,0.4,1.00,0.3829,0.3829,0,0,1,8.66,5.80,0
2026-08-23 14:27:29,FOLLOW_TRACK,37.9009016667,-97.6641906667,3.36684371114394,-0.9381418424569131,14.86962,355.2,0.8740403560000001,3.22,6.12,3,3.495,0.53,6.09,1.183,13.4,28.3,-12.2,6.67,1.098,3.27,RIGHT,420,584,484,666,-2.94,2.22,0.0,1.216,0.980,1.156,1.040,10034,tangent_pose,INTERSECT_AHEAD_OF_TARGET,"capture: INTERSECT_AHEAD_OF_TARGET (e=-1.48m, dh=-15.2deg)",-1.478,-15.2,359.7,1.00,0.3058,0.3058,0,0,1,5.65,2.74,0
2026-08-23 14:27:29,FOLLOW_TRACK,37.9009031667,-97.6641901667,3.533335609324529,-0.8941665626415906,20.93467,355.2,0.927542532,3.39,6.29,3,3.645,0.51,6.26,1.162,6.4,27.3,-11.4,13.87,1.098,4.94,RIGHT,434,554,438,610,-3.31,1.64,0.0,1.176,1.020,1.126,1.070,10221,tangent_pose,INTERSECT_AHEAD_OF_TARGET,"capture: INTERSECT_AHEAD_OF_TARGET (e=-1.45m, dh=-21.9deg)",-1.451,-21.9,359.1,1.00,0.2024,0.2024,0,0,1,3.89,0.91,0
2026-08-23 14:27:30,FOLLOW_TRACK,37.9009048333,-97.6641896667,3.718319208050348,-0.8501912838227607,21.82736,355.2,0.9321725280000001,3.58,6.48,3,3.814,0.50,6.45,1.143,4.4,26.3,-7.2,19.72,1.098,5.86,RIGHT,443,544,436,575,-4.19,13.35,0.0,1.164,1.032,1.117,1.079,10447,tangent_pose,INTERSECT_AHEAD_OF_TARGET,"capture: INTERSECT_AHEAD_OF_TARGET (e=-1.42m, dh=-23.4deg)",-1.422,-23.4,358.4,1.00,0.1707,0.1707,0,0,1,3.58,0.59,0
2026-08-23 14:27:30,FOLLOW_TRACK,37.9009068333,-97.6641888333,3.9403084054470936,-0.776893300797371,24.98482,355.2,1.15492678,3.81,6.71,3,4.016,0.48,6.68,1.101,-0.4,24.6,-5.8,inf,1.098,10.48,RIGHT,466,522,442,561,-4.92,3.71,0.0,1.135,1.061,1.098,1.098,10618,tangent_pose,RUN_STRAIGHT,"capture: RUN_STRAIGHT (e=-1.35m, dh=-27.0deg)",-1.352,-27.0,357.9,1.00,0.0955,0.0955,0,0,1,2.97,-0.04,0
2026-08-23 14:27:30,FOLLOW_TRACK,37.9009088333,-97.664188,4.162297604063547,-0.7036041151416781,27.62898,355.2,1.240324484,4.04,6.94,3,4.221,0.46,6.91,1.058,-4.7,22.9,-13.1,18.23,1.098,inf,STRAIGHT,494,494,444,539,-6.24,5.25,0.0,1.098,1.098,1.098,1.098,10814,tangent_pose,RUN_STRAIGHT,"capture: RUN_STRAIGHT (e=-1.28m, dh=-30.2deg)",-1.281,-30.2,357.5,1.00,0.0274,0.0000,0,0,1,2.55,-0.48,0
2026-08-23 14:27:30,FOLLOW_TRACK,37.900911,-97.6641865,4.4027895993297514,-0.5716783261966523,30.04369,355.2,1.357103272,4.27,7.05,4,4.440,0.45,7.02,0.964,-8.8,21.3,-1.1,9.22,1.098,17.44,LEFT,511,477,466,518,-11.39,6.17,0.0,1.076,1.120,1.056,1.140,11007,tangent_pose,RUN_STRAIGHT,"capture: RUN_STRAIGHT (e=-1.14m, dh=-32.8deg)",-1.145,-32.8,357.2,1.00,-0.0573,-0.0573,0,0,1,2.11,-0.79,0
2026-08-23 14:27:30,FOLLOW_TRACK,37.9009131667,-97.6641853333,4.643281597560921,-0.46906645023985505,30.79548,357.4,1.303601096,4.53,7.31,4,4.667,0.43,7.27,0.899,-11.9,18.9,-7.5,6.76,1.098,9.26,LEFT,526,462,490,494,-148.13,19.88,0.0,1.057,1.140,1.041,1.155,11207,tangent_pose,RUN_STRAIGHT,"capture: RUN_STRAIGHT (e=-1.05m, dh=-34.1deg)",-1.051,-34.1,356.7,1.00,-0.1080,-0.1080,0,0,1,1.88,-1.02,0
2026-08-23 14:27:31,FOLLOW_TRACK,37.900915,-97.6641838333,4.846767995376204,-0.33714067858947844,32.26146,357.4,1.296913324,4.75,7.53,4,4.858,0.42,7.49,0.800,-16.3,16.0,1.9,4.92,1.098,5.64,LEFT,546,441,508,479,20.40,11.48,0.0,1.030,1.166,1.020,1.176,11433,tangent_pose,RUN_STRAIGHT,"capture: RUN_STRAIGHT (e=-0.92m, dh=-35.7deg)",-0.918,-35.7,356.5,1.00,-0.1774,-0.1774,0,0,1,1.57,-1.32,0
2026-08-23 14:27:31,FOLLOW_TRACK,37.9009171667,-97.6641823333,5.087259995166443,-0.2052149123275594,32.39221,357.4,1.298456656,5.07,7.86,5,5.091,0.41,7.83,0.698,-19.8,12.6,-4.3,4.15,1.098,4.36,LEFT,562,426,523,461,9.56,104.99,0.0,1.010,1.186,1.005,1.191,11618,tangent_pose,TANGENT_ARC,"capture: TANGENT_ARC (e=-0.77m, dh=-35.6deg)",-0.765,-35.6,356.8,1.00,-0.2293,-0.2293,0,0,1,1.31,-1.63,0
2026-08-23 14:27:31,FOLLOW_TRACK,37.9009193333,-97.6641806667,5.327740900037269,-0.058636599324439945,32.05834,357.4,1.42500988,5.32,8.11,5,5.328,0.40,8.07,0.566,-22.7,9.4,-1.1,3.61,1.098,3.57,LEFT,577,420,541,448,6.35,46.26,0.0,0.990,1.206,0.992,1.204,11808,tangent_pose,TANGENT_ARC,"capture: TANGENT_ARC (e=-0.60m, dh=-35.1deg)",-0.600,-35.1,357.0,1.00,-0.2802,-0.2802,0,0,1,1.04,-1.86,0
2026-08-23 14:27:31,FOLLOW_TRACK,37.9009213333,-97.6641793333,5.549730105325922,0.05863659912785571,30.9118,357.4,1.365334376,5.55,8.34,5,5.550,0.39,8.30,0.462,-24.1,6.8,-2.7,3.39,1.098,3.23,LEFT,585,420,558,439,4.94,14.26,0.0,0.979,1.217,0.985,1.211,12017,tangent_pose,TANGENT_ARC,"capture: TANGENT_ARC (e=-0.45m, dh=-33.5deg)",-0.453,-33.5,357.4,1.00,-0.3098,-0.3098,0,0,1,0.82,-2.05,0
2026-08-23 14:27:31,FOLLOW_TRACK,37.9009236667,-97.664178,5.80872491304843,0.17590099323323793,30.89143,357.3,1.327779964,5.82,8.60,5,5.811,0.37,8.57,0.360,-26.8,4.1,-0.9,3.07,1.070,2.80,LEFT,618,420,574,438,4.28,740.08,0.0,0.936,1.203,0.948,1.192,12215,tangent_pose,TANGENT_ARC,"capture: TANGENT_ARC (e=-0.29m, dh=-32.9deg)",-0.292,-32.9,358.0,1.00,-0.3566,-0.3566,0,0,1,0.54,-2.30,0
2026-08-23 14:27:32,FOLLOW_TRACK,37.9009256667,-97.6641768333,6.030714120171545,0.27851283149243866,30.57164,357.3,1.2609022440000002,6.08,9.11,6,6.037,0.35,9.08,0.252,-29.2,1.3,-9.3,3.12,1.070,2.52,LEFT,630,420,591,437,3.75,48.54,0.0,0.921,1.218,0.950,1.190,12428,tangent_pose,TANGENT_ARC,"capture: TANGENT_ARC (e=-0.13m, dh=-31.6deg)",-0.126,-31.6,359.0,1.00,-0.3972,-0.3972,0,0,1,0.24,-2.84,0
2026-08-23 14:27:32,FOLLOW_TRACK,37.9009278333,-97.6641756667,6.271195031405487,0.38111586612290294,31.29387,357.3,1.317491084,6.31,9.35,6,6.283,0.34,9.31,0.130,-32.1,359.2,-6.8,2.86,1.070,2.23,LEFT,645,420,611,438,3.29,19.55,0.0,0.902,1.238,0.939,1.200,12617,tangent_pose,INTERSECT_BEHIND_CURRENT,"capture: INTERSECT_BEHIND_CURRENT (e=0.01m, dh=-31.9deg)",0.009,-31.9,359.4,1.00,-0.4489,-0.4489,0,0,1,-0.02,-3.05,0
2026-08-23 14:27:32,FOLLOW_TRACK,37.9009295,-97.6641741667,6.456189741138553,0.5130415940781468,28.52499,357.3,1.029402444,6.49,9.52,6,6.477,0.33,9.48,0.017,-32.0,356.6,6.7,2.86,1.070,2.17,LEFT,648,420,625,438,3.02,4.07,0.0,0.897,1.242,0.939,1.200,12808,tangent_pose,INTERSECT_BEHIND_CURRENT,"capture: INTERSECT_BEHIND_CURRENT (e=0.16m, dh=-28.9deg)",0.164,-28.9,359.7,1.00,-0.4606,-0.4606,0,0,1,-0.34,-3.33,0
2026-08-23 14:27:32,FOLLOW_TRACK,37.9009313333,-97.664173,6.659676154776274,0.6156534140835159,24.81068,2.6,1.1878511960000002,6.68,9.71,6,6.688,0.32,9.68,0.137,-30.3,354.5,-0.3,3.00,1.126,2.23,LEFT,608,420,639,437,2.77,3.90,0.0,0.949,1.302,0.994,1.257,13020,tangent_pose,INTERSECT_BEHIND_CURRENT,"capture: INTERSECT_BEHIND_CURRENT (e=0.29m, dh=-24.9deg)",0.287,-24.9,359.9,1.00,-0.4483,-0.4483,0,0,1,-0.68,-3.64,0
2026-08-23 14:27:32,FOLLOW_TRACK,37.9009335,-97.6641718333,6.90016816914699,0.7182652270233484,20.71968,2.6,1.1379501280000002,6.91,9.94,6,6.937,0.33,9.91,0.259,-28.0,352.7,-0.3,3.23,1.126,2.35,LEFT,601,420,626,437,2.99,3.24,0.0,0.958,1.293,1.004,1.248,13224,tangent_pose,INTERSECT_BEHIND_CURRENT,"capture: INTERSECT_BEHIND_CURRENT (e=0.40m, dh=-20.5deg)",0.396,-20.5,0.2,1.00,-0.4248,-0.4248,0,0,1,-1.13,-4.06,0
2026-08-23 14:27:33,FOLLOW_TRACK,37.9009356667,-97.6641706667,7.140660184502035,0.8208682391145593,20.51189,2.6,1.277878896,7.14,10.18,6,7.188,0.34,10.14,0.381,-29.5,351.0,0.7,3.08,1.126,2.20,LEFT,611,420,618,438,3.15,77.16,0.0,0.946,1.305,0.998,1.254,13441,tangent_pose,INTERSECT_BEHIND_CURRENT,"capture: INTERSECT_BEHIND_CURRENT (e=0.50m, dh=-20.0deg)",0.504,-20.0,0.5,1.00,-0.4555,-0.4555,0,0,1,-1.47,-4.38,0
2026-08-23 14:27:33,FOLLOW_TRACK,37.9009375,-97.66417,7.344146595795019,0.8795048048949317,17.4827,2.6,1.072101296,7.36,10.39,7,7.397,0.35,10.35,0.449,-27.4,350.1,-2.0,3.32,1.126,2.32,LEFT,603,420,614,438,3.23,3.79,0.0,0.956,1.296,1.007,1.244,13629,tangent_pose,INTERSECT_BEHIND_CURRENT,"capture: INTERSECT_BEHIND_CURRENT (e=0.57m, dh=-16.7deg)",0.568,-16.7,0.8,1.00,-0.4316,-0.4316,0,0,1,-1.98,-4.90,0
2026-08-23 14:27:33,FOLLOW_TRACK,37.9009396667,-97.6641693333,7.584638608185021,0.9381413623053104,13.33118,2.6,1.07776018,7.59,10.63,7,7.642,0.36,10.59,0.519,-24.1,349.2,6.8,3.74,1.126,2.55,LEFT,591,420,614,437,3.22,2.92,0.0,0.971,1.280,1.020,1.231,13825,tangent_pose,INTERSECT_BEHIND_CURRENT,"capture: INTERSECT_BEHIND_CURRENT (e=0.63m, dh=-12.2deg)",0.632,-12.2,1.1,1.00,-0.3917,-0.3917,0,0,1,-2.99,-5.92,0
2026-08-23 14:27:33,FOLLOW_TRACK,37.9009418333,-97.6641686667,7.825119522261002,0.9967691217053097,9.20118,2.6,1.190423416,7.83,10.87,7,7.888,0.38,10.83,0.589,-20.9,348.3,5.2,4.30,1.126,2.83,LEFT,580,420,606,438,3.40,3.41,0.0,0.986,1.265,1.034,1.217,14031,tangent_pose,INTERSECT_BEHIND_CURRENT,"capture: INTERSECT_BEHIND_CURRENT (e=0.72m, dh=-7.3deg)",0.719,-7.3,1.9,1.00,-0.3540,-0.3540,0,0,1,-5.63,-8.57,0
2026-08-23 14:27:33,FOLLOW_TRACK,37.9009435,-97.6641686667,8.01011422670497,0.9967690991700723,4.25187,1.3,0.9692124959999999,8.02,11.05,7,8.072,0.38,11.01,0.597,-15.8,348.4,3.5,5.62,1.126,3.49,LEFT,559,420,596,438,3.64,2.25,0.0,1.013,1.238,1.056,1.196,14231,tangent_pose,INTERSECT_BEHIND_CURRENT,"capture: INTERSECT_BEHIND_CURRENT (e=0.76m, dh=-1.5deg)",0.759,-1.5,2.8,1.00,-0.2863,-0.2863,0,0,1,-29.61,-32.57,0
2026-08-23 14:27:34,FOLLOW_TRACK,37.9009456667,-97.6641683333,8.250606236643927,1.0260917561769685,1.23066,1.3,1.124574584,8.26,11.29,7,8.314,0.39,11.25,0.638,-13.2,348.0,5.6,6.70,1.126,3.90,LEFT,550,420,576,437,4.19,4.70,0.0,1.024,1.227,1.067,1.184,14451,tangent_pose,INTERSECT_AHEAD_OF_TARGET,"capture: INTERSECT_AHEAD_OF_TARGET (e=0.84m, dh=2.6deg)",0.835,2.6,3.8,1.00,-0.2565,-0.2565,0,0,1,18.67,15.70,0
2026-08-23 14:27:34,FOLLOW_TRACK,37.9009475,-97.6641685,8.454092641546241,1.011430387938937,356.90408,1.3,1.094222388,8.46,11.47,8,8.514,0.39,11.43,0.632,-8.7,348.2,0.5,10.08,1.126,5.23,LEFT,531,420,568,438,4.50,2.59,0.0,1.050,1.201,1.086,1.165,14631,tangent_pose,INTERSECT_AHEAD_OF_TARGET,"capture: INTERSECT_AHEAD_OF_TARGET (e=0.84m, dh=7.5deg)",0.844,7.5,4.4,1.00,-0.1911,-0.1911,0,0,1,6.50,3.53,0
2026-08-23 14:27:34,FOLLOW_TRACK,37.9009493333,-97.6641686667,8.657579044998235,0.9967690205797487,353.05644,1.3,1.026830224,8.66,11.67,8,8.715,0.40,11.63,0.627,-4.5,348.6,5.2,19.53,1.126,7.51,LEFT,513,432,550,438,5.28,3.02,0.0,1.073,1.178,1.105,1.146,14830,tangent_pose,INTERSECT_AHEAD_OF_TARGET,"capture: INTERSECT_AHEAD_OF_TARGET (e=0.86m, dh=12.0deg)",0.858,12.0,5.0,1.00,-0.1332,-0.1332,0,0,1,4.14,1.14,0
2026-08-23 14:27:34,FOLLOW_TRACK,37.9009513333,-97.664169,8.87956824862218,0.9674551034160619,349.78256,1.3,1.084447952,8.89,11.89,8,8.932,0.40,11.86,0.608,-0.5,349.2,0.7,inf,1.126,12.19,LEFT,498,448,532,440,6.49,3.86,0.0,1.093,1.158,1.126,1.126,15031,tangent_pose,INTERSECT_AHEAD_OF_TARGET,"capture: INTERSECT_AHEAD_OF_TARGET (e=0.91m, dh=17.0deg)",0.912,17.0,6.8,0.99,-0.0820,-0.0820,0,0,1,3.12,0.10,0
2026-08-23 14:27:34,FOLLOW_TRACK,37.9009535,-97.6641695,9.120060249445151,0.9234798442253513,344.36756,1.3,1.26296002,9.13,12.14,8,9.167,0.41,12.10,0.575,5.8,350.2,2.7,14.93,1.126,inf,STRAIGHT,473,473,516,447,8.69,2.67,0.0,1.126,1.126,1.126,1.126,15231,tangent_pose,RUN_STRAIGHT,"capture: RUN_STRAIGHT (e=1.02m, dh=25.6deg)",1.025,25.6,10.0,0.97,-0.0008,0.0000,0,0,1,2.37,-0.71,0
2026-08-23 14:27:35,FOLLOW_TRACK,37.9009555,-97.6641701667,9.342049449289854,0.86484324859977,339.2386,12.2,1.1667589919999999,9.35,12.36,8,9.382,0.43,12.32,0.527,12.5,351.8,7.1,6.93,1.056,11.13,RIGHT,501,552,498,449,12.36,2.52,0.0,1.089,1.023,1.109,1.003,15424,tangent_pose,RUN_STRAIGHT,"capture: RUN_STRAIGHT (e=1.09m, dh=33.8deg)",1.093,33.8,13.1,0.96,0.0899,0.0899,0,0,1,1.96,-1.17,0
2026-08-23 14:27:35,FOLLOW_TRACK,37.9009573333,-97.6641708333,9.54553584960096,0.8062154523773334,336.6458,12.2,1.035061328,9.56,12.57,8,9.580,0.48,12.52,0.478,17.1,353.7,7.8,5.10,1.056,6.58,RIGHT,483,569,498,487,53.83,4.76,0.0,1.112,1.000,1.128,0.984,15634,tangent_pose,RUN_STRAIGHT,"capture: RUN_STRAIGHT (e=1.14m, dh=39.3deg)",1.135,39.3,16.0,0.96,0.1520,0.1520,0,0,1,1.79,-1.38,0
2026-08-23 14:27:35,FOLLOW_TRACK,37.9009591667,-97.6641716667,9.749033347695068,0.7329175242504578,333.49634,12.2,1.10348238,9.80,12.86,9,9.777,0.54,12.81,0.406,22.9,356.4,11.0,3.94,1.056,4.58,RIGHT,464,588,492,541,-11.74,3.96,0.0,1.137,0.975,1.150,0.962,15830,tangent_pose,RUN_STRAIGHT,"capture: RUN_STRAIGHT (e=1.24m, dh=46.8deg)",1.244,46.8,20.3,0.95,0.2184,0.2184,0,0,1,1.71,-1.64,0
2026-08-23 14:27:35,FOLLOW_TRACK,37.900961,-97.6641728333,9.952519746669093,0.6303145081931533,329.58246,12.2,1.168302324,10.00,13.06,9,9.972,0.58,13.01,0.294,29.5,359.1,4.7,3.10,1.056,3.22,RIGHT,438,614,481,567,-6.63,3.40,0.0,1.171,0.941,1.175,0.937,16030,tangent_pose,TANGENT_ARC,"capture: TANGENT_ARC (e=1.28m, dh=54.3deg)",1.281,54.3,23.9,0.94,0.3102,0.3102,0,0,1,1.58,-1.85,0
2026-08-23 14:27:35,FOLLOW_TRACK,37.9009628333,-97.6641741667,10.15600614382367,0.5130413625728221,326.49176,12.2,1.198140076,10.20,13.26,9,10.169,0.62,13.20,0.168,35.6,2.1,7.7,2.62,1.056,2.54,RIGHT,420,638,463,590,-4.48,4.40,0.0,1.202,0.911,1.197,0.915,16228,tangent_pose,TANGENT_ARC,"capture: TANGENT_ARC (e=1.32m, dh=61.3deg)",1.322,61.3,27.8,0.94,0.3937,0.3937,0,0,1,1.51,-2.02,0
2026-08-23 14:27:36,FOLLOW_TRACK,37.9009646667,-97.6641753333,10.359503644400107,0.4104383569636656,323.3415,44.2,1.188880084,10.40,13.46,9,10.368,0.75,13.35,0.056,43.1,6.5,10.2,2.20,1.049,1.98,RIGHT,420,674,440,616,-3.22,4.55,0.0,1.235,0.864,1.216,0.882,16438,tangent_pose,TANGENT_ARC,"capture: TANGENT_ARC (e=1.29m, dh=68.4deg)",1.286,68.4,31.8,0.94,0.5053,0.5053,0,0,1,1.38,-2.21,0
2026-08-23 14:27:36,FOLLOW_TRACK,37.9009665,-97.6641771667,10.562990044477237,0.2491899985999148,320.48868,44.2,1.242896704,10.59,13.65,9,10.566,0.89,13.49,0.114,51.8,12.3,3.0,1.91,1.049,1.63,RIGHT,420,705,433,639,-2.73,4.49,0.0,1.274,0.824,1.242,0.856,16618,tangent_pose,TANGENT_ARC,"capture: TANGENT_ARC (e=1.19m, dh=75.2deg)",1.189,75.2,35.7,0.94,0.6335,0.6131,0,1,1,1.23,-2.43,0
2026-08-23 14:27:36,FOLLOW_TRACK,37.900968,-97.664179,10.729481946262723,0.08795044445146072,320.15836,44.2,1.226434496,10.75,13.81,9,10.730,1.00,13.60,0.283,57.4,17.5,0.0,1.79,1.049,1.40,RIGHT,420,734,430,675,-2.25,43.44,0.0,1.312,0.786,1.254,0.844,16821,tangent_pose,TANGENT_ARC,"capture: TANGENT_ARC (e=1.08m, dh=78.4deg)",1.081,78.4,38.6,0.94,0.7164,0.7164,0,0,1,1.10,-2.59,0
2026-08-23 14:27:36,FOLLOW_TRACK,37.9009695,-97.6641808333,10.895973851034576,-0.07328910213521168,318.11838,44.2,1.118401256,10.91,13.97,9,10.896,1.11,13.72,0.451,64.6,22.7,2.5,1.69,1.049,1.22,RIGHT,420,763,429,707,-1.94,6.23,0.0,1.350,0.748,1.266,0.832,17021,tangent_pose,TANGENT_ARC,"capture: TANGENT_ARC (e=0.97m, dh=83.0deg)",0.967,83.0,41.1,0.95,0.8207,0.8207,0,0,1,0.97,-2.78,0
2026-08-23 14:27:36,FOLLOW_TRACK,37.9009706667,-97.6641826667,11.025471258527952,-0.2345374400188398,317.13358,44.2,1.077245736,11.05,14.11,10,11.028,1.20,13.81,0.617,70.1,27.2,-6.1,1.67,1.049,1.11,RIGHT,420,785,429,735,-1.73,12.22,0.0,1.379,0.719,1.269,0.829,17214,tangent_pose,TANGENT_ARC,"capture: TANGENT_ARC (e=0.88m, dh=86.4deg)",0.879,86.4,43.5,0.95,0.8986,0.8986,0,0,1,0.88,-2.96,0
2026-08-23 14:27:37,FOLLOW_TRACK,37.900972,-97.6641845,11.173460370189519,-0.3957769762385424,315.698,44.2,1.132805688,11.19,14.25,10,11.180,1.30,13.92,0.782,76.0,31.7,-2.8,1.66,1.049,1.02,RIGHT,420,808,429,765,-1.54,9.88,0.0,1.409,0.689,1.270,0.828,17434,tangent_pose,TANGENT_ARC,"capture: TANGENT_ARC (e=0.82m, dh=90.7deg)",0.816,90.7,46.4,0.95,0.9807,0.9807,0,0,1,0.82,-3.13,0
2026-08-23 14:27:37,FOLLOW_TRACK,37.9009733333,-97.6641863333,11.321449483652346,-0.5570165065293823,316.72598,44.2,1.122002364,11.34,14.40,10,11.335,1.40,14.02,0.946,79.3,36.0,-4.0,1.70,1.049,1.00,RIGHT,420,814,428,785,-1.44,11.65,0.0,1.416,0.682,1.265,0.833,17620,tangent_pose,TANGENT_ARC,"capture: TANGENT_ARC (e=0.77m, dh=92.5deg)",0.767,92.5,49.3,0.96,1.0000,1.0000,0,0,1,0.77,-3.28,0
2026-08-23 14:27:37,FOLLOW_TRACK,37.9009746667,-97.664188,11.469449698884194,-0.7036034883808738,319.31134,59.7,1.0319746639999998,11.48,14.54,10,11.491,1.52,14.10,1.096,80.9,40.2,-3.3,1.75,1.049,1.00,RIGHT,420,814,429,806,-1.34,4.41,0.0,1.416,0.682,1.259,0.839,17811,tangent_pose,TANGENT_ARC,"capture: TANGENT_ARC (e=0.71m, dh=92.8deg)",0.708,92.8,52.1,0.96,1.0000,1.0000,0,0,1,0.71,-3.41,0
2026-08-23 14:27:37,FOLLOW_TRACK,37.900976,-97.6641901667,11.61743882288101,-0.894165681442,319.84406,59.7,1.097823496,11.62,14.68,10,11.652,1.65,14.17,1.290,85.0,44.8,-4.0,1.81,1.049,1.00,RIGHT,420,814,429,807,-1.33,23.95,0.0,1.416,0.682,1.252,0.846,18015,tangent_pose,TANGENT_ARC,"capture: TANGENT_ARC (e=0.63m, dh=95.0deg)",0.627,95.0,54.9,0.97,1.0000,1.0000,0,0,1,0.63,-3.60,0
2026-08-23 14:27:37,FOLLOW_TRACK,37.9009773333,-97.664192,11.765427946577798,-1.0554051952065489,321.16394,59.7,1.0340324399999998,11.77,14.83,10,11.813,1.77,14.25,1.455,87.6,48.7,-7.4,1.88,1.049,1.00,RIGHT,420,814,429,808,-1.33,8.70,0.0,1.416,0.682,1.244,0.854,18208,tangent_pose,TANGENT_ARC,"capture: TANGENT_ARC (e=0.55m, dh=96.0deg)",0.554,96.0,57.2,0.98,1.0000,1.0000,0,0,1,0.56,-3.78,0
2026-08-23 14:27:38,FOLLOW_TRACK,37.9009788333,-97.6641936667,11.931919873496508,-1.201992157507209,322.04122,59.7,1.0612979720000002,11.93,14.99,10,11.992,1.91,14.33,1.606,90.4,52.4,1.6,1.96,1.049,1.00,RIGHT,420,814,428,807,-1.33,15.23,0.0,1.416,0.682,1.236,0.862,18428,tangent_pose,TARGET_BEHIND,"capture: TARGET_BEHIND (e=0.43m, dh=96.7deg)",0.431,96.7,58.7,0.98,1.0000,1.0000,0,0,1,,,0
2026-08-23 14:27:38,FOLLOW_TRACK,37.9009846667,-97.6641996667,12.57939588809096,-1.7296946079267888,336.29816,59.7,1.053581312,12.25,15.31,10,12.698,2.18,14.49,2.172,87.7,64.0,-11.0,2.18,1.049,7.96,RIGHT,496,567,563,963,-1.01,29.17,0.0,1.095,1.003,1.218,0.880,19215,tangent_pose,INTERSECT_BEHIND_CURRENT,"capture: INTERSECT_BEHIND_CURRENT (e=-0.17m, dh=85.5deg)",-0.169,85.5,61.8,0.98,1.0000,0.1256,0,1,1,-0.17,-4.36,0
2026-08-23 14:27:39,FOLLOW_TRACK,37.9009865,-97.6642006667,12.782882314928424,-1.8176449863212123,341.185,59.7,1.048436872,12.34,15.33,11,12.911,2.21,14.50,2.299,85.7,66.9,-2.8,2.19,1.049,3.88,RIGHT,459,604,664,1031,-0.94,2.70,0.0,1.144,0.954,1.216,0.882,19436,tangent_pose,INTERSECT_BEHIND_CURRENT,"capture: INTERSECT_BEHIND_CURRENT (e=-0.37m, dh=80.9deg)",-0.367,80.9,62.1,0.98,1.0000,0.2575,0,1,1,-0.37,-4.42,0
2026-08-23 14:27:39,FOLLOW_TRACK,37.9009878333,-97.6642013333,12.930871433082595,-1.8762727037001765,344.30144,59.7,0.781440436,12.47,15.46,11,13.066,2.32,14.57,2.388,84.4,68.7,-6.8,2.26,1.049,2.73,RIGHT,428,635,749,942,-1.79,2.61,0.0,1.184,0.914,1.211,0.887,19621,tangent_pose,INTERSECT_BEHIND_CURRENT,"capture: INTERSECT_BEHIND_CURRENT (e=-0.40m, dh=79.4deg)",-0.396,79.4,63.7,0.98,1.0000,0.3667,0,1,1,-0.40,-4.56,0
2026-08-23 14:27:39,FOLLOW_TRACK,37.900989,-97.6642018333,13.060368847502744,-1.9202478839645087,346.70296,72.1,0.680609412,12.59,15.58,11,13.201,2.42,14.62,2.458,83.5,70.2,0.0,2.32,1.028,2.05,RIGHT,420,683,702,836,-2.97,3.28,0.0,1.203,0.852,1.182,0.873,19822,tangent_pose,INTERSECT_BEHIND_CURRENT,"capture: INTERSECT_BEHIND_CURRENT (e=-0.42m, dh=78.4deg)",-0.416,78.4,65.1,0.98,1.0000,0.4879,0,1,1,-0.42,-4.68,0
2026-08-23 14:27:39,FOLLOW_TRACK,37.9009898333,-97.6642021667,13.152860658570912,-1.949570531944,350.17656,72.1,0.508785116,12.67,15.66,11,13.297,2.50,14.65,2.506,81.3,71.5,-4.8,2.38,1.028,1.65,RIGHT,420,716,607,738,-3.56,1.67,0.0,1.246,0.809,1.179,0.876,20021,tangent_pose,INTERSECT_BEHIND_CURRENT,"capture: INTERSECT_BEHIND_CURRENT (e=-0.44m, dh=75.9deg)",-0.440,75.9,66.1,0.99,1.0000,0.6072,0,1,1,-0.45,-4.79,0
2026-08-23 14:27:39,FOLLOW_TRACK,37.9009908333,-97.6642025,13.263855268880219,-1.9788843801483087,351.36072,72.1,0.5833794959999999,12.77,15.77,11,13.411,2.60,14.68,2.558,81.5,72.8,-4.9,2.42,1.028,1.33,RIGHT,420,757,500,691,-2.72,6.92,0.0,1.299,0.756,1.176,0.879,20265,tangent_pose,INTERSECT_BEHIND_CURRENT,"capture: INTERSECT_BEHIND_CURRENT (e=-0.46m, dh=75.9deg)",-0.463,75.9,67.3,0.99,1.0000,0.7543,0,1,1,-0.48,-4.89,0
2026-08-23 14:27:40,FOLLOW_TRACK,37.9009921667,-97.6642025,13.411855473771798,-1.978884344403116,354.01124,72.1,0.8148792960000001,12.92,15.91,11,13.557,2.74,14.72,2.589,80.5,74.5,-5.2,2.48,1.028,1.17,RIGHT,420,784,445,716,-1.96,2.92,0.0,1.335,0.720,1.173,0.883,20431,tangent_pose,INTERSECT_BEHIND_CURRENT,"capture: INTERSECT_BEHIND_CURRENT (e=-0.47m, dh=75.0deg)",-0.467,75.0,69.0,0.99,1.0000,0.8539,0,1,1,-0.48,-5.00,0
2026-08-23 14:27:40,FOLLOW_TRACK,37.9009938333,-97.664203,13.596839090462998,-2.0228595053228786,354.73964,72.1,0.914166988,13.09,16.08,11,13.746,2.90,14.78,2.671,81.8,76.5,-4.9,2.56,1.028,1.04,RIGHT,420,815,434,753,-1.63,13.37,0.0,1.375,0.680,1.168,0.887,20616,tangent_pose,INTERSECT_BEHIND_CURRENT,"capture: INTERSECT_BEHIND_CURRENT (e=-0.56m, dh=75.5deg)",-0.557,75.5,70.2,0.99,1.0000,0.9654,0,1,1,-0.58,-5.18,0
2026-08-23 14:27:40,FOLLOW_TRACK,37.9009955,-97.6642036667,13.781833812293016,-2.081495999880317,356.11972,72.1,1.03146022,13.26,16.25,11,13.938,3.06,14.83,2.768,82.4,78.5,-8.9,2.65,1.028,1.00,RIGHT,420,825,429,786,-1.43,8.31,0.0,1.387,0.668,1.163,0.892,20809,tangent_pose,INTERSECT_BEHIND_CURRENT,"capture: INTERSECT_BEHIND_CURRENT (e=-0.65m, dh=75.2deg)",-0.653,75.2,71.4,0.99,1.0000,1.0000,0,0,1,-0.67,-5.38,0
2026-08-23 14:27:40,FOLLOW_TRACK,37.9009975,-97.6642038333,14.003823024089364,-2.0961484805893558,358.37492,72.1,1.1338345760000001,13.29,16.28,11,14.160,3.09,14.84,2.835,82.5,80.9,-2.4,2.65,1.028,1.00,RIGHT,420,825,429,815,-1.30,5.94,0.0,1.387,0.668,1.163,0.892,21016,tangent_pose,INTERSECT_BEHIND_CURRENT,"capture: INTERSECT_BEHIND_CURRENT (e=-0.85m, dh=73.2deg)",-0.849,73.2,71.6,0.99,1.0000,1.0000,0,0,1,-0.89,-5.44,0
2026-08-23 14:27:40,FOLLOW_TRACK,37.9009993333,-97.664204,14.207309435725787,-2.1108097620230764,0.29763,72.1,0.988761368,13.29,16.28,11,14.363,3.09,14.84,2.911,82.8,83.1,-4.3,2.64,1.028,1.00,RIGHT,420,825,428,817,-1.29,6.12,0.0,1.387,0.668,1.164,0.891,21223,tangent_pose,INTERSECT_BEHIND_CURRENT,"capture: INTERSECT_BEHIND_CURRENT (e=-1.05m, dh=71.3deg)",-1.047,71.3,71.6,0.99,1.0000,1.0000,0,0,1,-1.11,-5.49,0
2026-08-23 14:27:41,FOLLOW_TRACK,37.901001,-97.6642041667,14.39230414597228,-2.1254710476262586,3.31991,72.1,0.990819144,13.29,16.28,11,14.548,3.09,14.84,2.992,81.8,85.1,-5.8,2.64,1.028,1.00,RIGHT,420,825,429,818,-1.29,3.86,0.0,1.387,0.668,1.164,0.892,21429,tangent_pose,INTERSECT_BEHIND_CURRENT,"capture: INTERSECT_BEHIND_CURRENT (e=-1.23m, dh=68.3deg)",-1.227,68.3,71.6,0.99,1.0000,1.0000,0,0,1,-1.32,-5.58,0
2026-08-23 14:27:41,FOLLOW_TRACK,37.901003,-97.6642041667,14.614293354597343,-2.125470990050403,6.5804,72.1,1.143094568,13.29,16.28,11,14.768,3.09,14.84,3.085,81.0,87.6,-7.5,2.64,1.028,1.00,RIGHT,420,825,429,817,-1.29,3.58,0.0,1.387,0.668,1.164,0.892,21606,tangent_pose,INTERSECT_BEHIND_CURRENT,"capture: INTERSECT_BEHIND_CURRENT (e=-1.44m, dh=65.0deg)",-1.438,65.0,71.6,0.99,1.0000,1.0000,0,0,1,-1.59,-5.69,0
2026-08-23 14:27:41,FOLLOW_TRACK,37.901005,-97.6642041667,14.836282562113972,-2.1254709325363716,8.01008,72.1,0.9964780280000001,13.29,16.28,11,14.988,3.09,14.84,3.191,82.0,90.0,-8.9,2.63,1.028,1.00,RIGHT,420,825,429,818,-1.29,7.95,0.0,1.387,0.668,1.164,0.891,21806,tangent_pose,INTERSECT_BEHIND_CURRENT,"capture: INTERSECT_BEHIND_CURRENT (e=-1.65m, dh=63.6deg)",-1.648,63.6,71.6,0.99,1.0000,1.0000,0,0,1,-1.84,-5.77,0
